<?xml version="1.0"?>
<!--<!DOCTYPE metadata SYSTEM "http://www.esri.com/metadata/esriprof80.dtd">-->
<metadata xml:lang="fa"><Esri><CreaDate>20211021</CreaDate><CreaTime>09164000</CreaTime><SyncOnce>FALSE</SyncOnce><SyncDate>20090530</SyncDate><SyncTime>16493600</SyncTime><ModDate>20090530</ModDate><ModTime>16493600</ModTime><DataProperties><lineage><Process Name="FeatureToLine_2" ToolSource="C:\Program Files\ArcGIS\ArcToolbox\Toolboxes\Data Management Tools.tbx\FeatureToLine" Date="20050113" Time="054911">FeatureToLine '60624nes.dgn Group Layer\60624nes.dgn Polyline';'60624nes.dgn Group Layer\60624nes.dgn Polygon';'60632nws.dgn Group Layer\60632nws.dgn Polyline';'60632nws.dgn Group Layer\60632nws.dgn Polygon';'60632sws.dgn Group Layer\60632sws.dgn Polyline';'60632sws.dgn Group Layer\60632sws.dgn Polygon';'60633nes.dgn Group Layer\60633nes.dgn Polyline';'60633nes.dgn Group Layer\60633nes.dgn Polygon';'60633ses.dgn Group Layer\60633ses.dgn Polyline';'60633ses.dgn Group Layer\60633ses.dgn Polygon';'60633sws.dgn Group Layer\60633sws.dgn Polyline';'60633sws.dgn Group Layer\60633sws.dgn Polygon' E:\sabaee\ghazvin\dgn-e\landuse\landusepl.shp # ATTRIBUTES</Process><Process Name="Clip_2" ToolSource="C:\Program Files\ArcGIS\ArcToolbox\Toolboxes\Analysis Tools.tbx\Clip" Date="20050114" Time="001041">Clip landusepl base1 E:\sabaee\ghazvin\dgn-e\landuse\landplclip.shp #</Process><Process Name="Merge_3" ToolSource="C:\Program Files\ArcGIS\ArcToolbox\Toolboxes\Data Management Tools.tbx\Merge" Date="20050114" Time="001627">Merge landplclip;base1line E:\sabaee\ghazvin\dgn-e\landuse\landmerge.shp "FID_Polyli FID_Polyli true false false 9 Long 0 9 ,First,#,landplclip,FID_Polyli,-1,-1;Entity Entity true false false 16 Text 0 0 ,First,#,landplclip,Entity,-1,-1;Handle Handle true false false 16 Text 0 0 ,First,#,landplclip,Handle,-1,-1;Level Level true false false 9 Long 0 9 ,First,#,landplclip,Level,-1,-1;Layer Layer true false false 254 Text 0 0 ,First,#,landplclip,Layer,-1,-1;LvlDesc LvlDesc true false false 254 Text 0 0 ,First,#,landplclip,LvlDesc,-1,-1;LyrFrzn LyrFrzn true false false 4 Short 0 4 ,First,#,landplclip,LyrFrzn,-1,-1;LyrLock LyrLock true false false 4 Short 0 4 ,First,#,landplclip,LyrLock,-1,-1;LyrOn LyrOn true false false 4 Short 0 4 ,First,#,landplclip,LyrOn,-1,-1;LvlPlot LvlPlot true false false 4 Short 0 4 ,First,#,landplclip,LvlPlot,-1,-1;Color Color true false false 4 Short 0 4 ,First,#,landplclip,Color,-1,-1;EntColor EntColor true false false 4 Short 0 4 ,First,#,landplclip,EntColor,-1,-1;LyrColor LyrColor true false false 4 Short 0 4 ,First,#,landplclip,LyrColor,-1,-1;Linetype Linetype true false false 254 Text 0 0 ,First,#,landplclip,Linetype,-1,-1;EntLinetyp EntLinetyp true false false 254 Text 0 0 ,First,#,landplclip,EntLinetyp,-1,-1;LyrLnType LyrLnType true false false 254 Text 0 0 ,First,#,landplclip,LyrLnType,-1,-1;Elevation Elevation true false false 19 Double 0 0 ,First,#,landplclip,Elevation,-1,-1;Class Class true false false 24 Text 0 0 ,First,#,landplclip,Class,-1,-1;GGroup GGroup true false false 4 Short 0 4 ,First,#,landplclip,GGroup,-1,-1;CadModel CadModel true false false 254 Text 0 0 ,First,#,landplclip,CadModel,-1,-1;Fill Fill true false false 4 Short 0 4 ,First,#,landplclip,Fill,-1,-1;LineWt LineWt true false false 4 Short 0 4 ,First,#,landplclip,LineWt,-1,-1;EntLineWt EntLineWt true false false 4 Short 0 4 ,First,#,landplclip,EntLineWt,-1,-1;LyrLineWt LyrLineWt true false false 4 Short 0 4 ,First,#,landplclip,LyrLineWt,-1,-1;RefName RefName true false false 254 Text 0 0 ,First,#,landplclip,RefName,-1,-1;LTScale LTScale true false false 19 Double 0 0 ,First,#,landplclip,LTScale,-1,-1;QrotW QrotW true false false 19 Double 0 0 ,First,#,landplclip,QrotW,-1,-1;QrotX QrotX true false false 19 Double 0 0 ,First,#,landplclip,QrotX,-1,-1;QrotY QrotY true false false 19 Double 0 0 ,First,#,landplclip,QrotY,-1,-1;QrotZ QrotZ true false false 19 Double 0 0 ,First,#,landplclip,QrotZ,-1,-1;DocName DocName true false false 254 Text 0 0 ,First,#,landplclip,DocName,-1,-1;DocPath DocPath true false false 254 Text 0 0 ,First,#,landplclip,DocPath,-1,-1;DocType DocType true false false 32 Text 0 0 ,First,#,landplclip,DocType,-1,-1;DocVer DocVer true false false 16 Text 0 0 ,First,#,landplclip,DocVer,-1,-1;MsLink_DMR MsLink_DMR true false false 9 Long 0 9 ,First,#,landplclip,MsLink_DMR,-1,-1;MsCtlg_DMR MsCtlg_DMR true false false 9 Long 0 9 ,First,#,landplclip,MsCtlg_DMR,-1,-1;MsLink_D_1 MsLink_D_1 true false false 9 Long 0 9 ,First,#,landplclip,MsLink_D_1,-1,-1;MsCtlg_D_1 MsCtlg_D_1 true false false 9 Long 0 9 ,First,#,landplclip,MsCtlg_D_1,-1,-1;FID_Polygo FID_Polygo true false false 9 Long 0 9 ,First,#,landplclip,FID_Polygo,-1,-1;Entity_1 Entity_1 true false false 16 Text 0 0 ,First,#,landplclip,Entity_1,-1,-1;Handle_1 Handle_1 true false false 16 Text 0 0 ,First,#,landplclip,Handle_1,-1,-1;Level_1 Level_1 true false false 9 Long 0 9 ,First,#,landplclip,Level_1,-1,-1;Layer_1 Layer_1 true false false 254 Text 0 0 ,First,#,landplclip,Layer_1,-1,-1;LvlDesc_1 LvlDesc_1 true false false 254 Text 0 0 ,First,#,landplclip,LvlDesc_1,-1,-1;LyrFrzn_1 LyrFrzn_1 true false false 4 Short 0 4 ,First,#,landplclip,LyrFrzn_1,-1,-1;LyrLock_1 LyrLock_1 true false false 4 Short 0 4 ,First,#,landplclip,LyrLock_1,-1,-1;LyrOn_1 LyrOn_1 true false false 4 Short 0 4 ,First,#,landplclip,LyrOn_1,-1,-1;LvlPlot_1 LvlPlot_1 true false false 4 Short 0 4 ,First,#,landplclip,LvlPlot_1,-1,-1;Color_1 Color_1 true false false 4 Short 0 4 ,First,#,landplclip,Color_1,-1,-1;EntColor_1 EntColor_1 true false false 4 Short 0 4 ,First,#,landplclip,EntColor_1,-1,-1;LyrColor_1 LyrColor_1 true false false 4 Short 0 4 ,First,#,landplclip,LyrColor_1,-1,-1;Linetype_1 Linetype_1 true false false 254 Text 0 0 ,First,#,landplclip,Linetype_1,-1,-1;EntLinet_1 EntLinet_1 true false false 254 Text 0 0 ,First,#,landplclip,EntLinet_1,-1,-1;LyrLnTyp_1 LyrLnTyp_1 true false false 254 Text 0 0 ,First,#,landplclip,LyrLnTyp_1,-1,-1;Elevatio_1 Elevatio_1 true false false 19 Double 0 0 ,First,#,landplclip,Elevatio_1,-1,-1;Class_1 Class_1 true false false 24 Text 0 0 ,First,#,landplclip,Class_1,-1,-1;GGroup_1 GGroup_1 true false false 4 Short 0 4 ,First,#,landplclip,GGroup_1,-1,-1;CadModel_1 CadModel_1 true false false 254 Text 0 0 ,First,#,landplclip,CadModel_1,-1,-1;Fill_1 Fill_1 true false false 4 Short 0 4 ,First,#,landplclip,Fill_1,-1,-1;LineWt_1 LineWt_1 true false false 4 Short 0 4 ,First,#,landplclip,LineWt_1,-1,-1;EntLineW_1 EntLineW_1 true false false 4 Short 0 4 ,First,#,landplclip,EntLineW_1,-1,-1;LyrLineW_1 LyrLineW_1 true false false 4 Short 0 4 ,First,#,landplclip,LyrLineW_1,-1,-1;RefName_1 RefName_1 true false false 254 Text 0 0 ,First,#,landplclip,RefName_1,-1,-1;LTScale_1 LTScale_1 true false false 19 Double 0 0 ,First,#,landplclip,LTScale_1,-1,-1;QrotW_1 QrotW_1 true false false 19 Double 0 0 ,First,#,landplclip,QrotW_1,-1,-1;QrotX_1 QrotX_1 true false false 19 Double 0 0 ,First,#,landplclip,QrotX_1,-1,-1;QrotY_1 QrotY_1 true false false 19 Double 0 0 ,First,#,landplclip,QrotY_1,-1,-1;QrotZ_1 QrotZ_1 true false false 19 Double 0 0 ,First,#,landplclip,QrotZ_1,-1,-1;DocName_1 DocName_1 true false false 254 Text 0 0 ,First,#,landplclip,DocName_1,-1,-1;DocPath_1 DocPath_1 true false false 254 Text 0 0 ,First,#,landplclip,DocPath_1,-1,-1;DocType_1 DocType_1 true false false 32 Text 0 0 ,First,#,landplclip,DocType_1,-1,-1;DocVer_1 DocVer_1 true false false 16 Text 0 0 ,First,#,landplclip,DocVer_1,-1,-1;MsLink_D_2 MsLink_D_2 true false false 9 Long 0 9 ,First,#,landplclip,MsLink_D_2,-1,-1;MsCtlg_D_2 MsCtlg_D_2 true false false 9 Long 0 9 ,First,#,landplclip,MsCtlg_D_2,-1,-1;MsLink_D_3 MsLink_D_3 true false false 9 Long 0 9 ,First,#,landplclip,MsLink_D_3,-1,-1;MsCtlg_D_3 MsCtlg_D_3 true false false 9 Long 0 9 ,First,#,landplclip,MsCtlg_D_3,-1,-1;FID_Poly_1 FID_Poly_1 true false false 9 Long 0 9 ,First,#,landplclip,FID_Poly_1,-1,-1;Entity_12 Entity_12 true false false 16 Text 0 0 ,First,#,landplclip,Entity_12,-1,-1;Handle_12 Handle_12 true false false 16 Text 0 0 ,First,#,landplclip,Handle_12,-1,-1;Level_12 Level_12 true false false 9 Long 0 9 ,First,#,landplclip,Level_12,-1,-1;Layer_12 Layer_12 true false false 254 Text 0 0 ,First,#,landplclip,Layer_12,-1,-1;LvlDesc_12 LvlDesc_12 true false false 254 Text 0 0 ,First,#,landplclip,LvlDesc_12,-1,-1;LyrFrzn_12 LyrFrzn_12 true false false 4 Short 0 4 ,First,#,landplclip,LyrFrzn_12,-1,-1;LyrLock_12 LyrLock_12 true false false 4 Short 0 4 ,First,#,landplclip,LyrLock_12,-1,-1;LyrOn_12 LyrOn_12 true false false 4 Short 0 4 ,First,#,landplclip,LyrOn_12,-1,-1;LvlPlot_12 LvlPlot_12 true false false 4 Short 0 4 ,First,#,landplclip,LvlPlot_12,-1,-1;Color_12 Color_12 true false false 4 Short 0 4 ,First,#,landplclip,Color_12,-1,-1;EntColor_2 EntColor_2 true false false 4 Short 0 4 ,First,#,landplclip,EntColor_2,-1,-1;LyrColor_2 LyrColor_2 true false false 4 Short 0 4 ,First,#,landplclip,LyrColor_2,-1,-1;Linetype_2 Linetype_2 true false false 254 Text 0 0 ,First,#,landplclip,Linetype_2,-1,-1;EntLinet_2 EntLinet_2 true false false 254 Text 0 0 ,First,#,landplclip,EntLinet_2,-1,-1;LyrLnTyp_2 LyrLnTyp_2 true false false 254 Text 0 0 ,First,#,landplclip,LyrLnTyp_2,-1,-1;Elevatio_2 Elevatio_2 true false false 19 Double 0 0 ,First,#,landplclip,Elevatio_2,-1,-1;Class_12 Class_12 true false false 24 Text 0 0 ,First,#,landplclip,Class_12,-1,-1;GGroup_12 GGroup_12 true false false 4 Short 0 4 ,First,#,landplclip,GGroup_12,-1,-1;CadModel_2 CadModel_2 true false false 254 Text 0 0 ,First,#,landplclip,CadModel_2,-1,-1;Fill_12 Fill_12 true false false 4 Short 0 4 ,First,#,landplclip,Fill_12,-1,-1;LineWt_12 LineWt_12 true false false 4 Short 0 4 ,First,#,landplclip,LineWt_12,-1,-1;EntLineW_2 EntLineW_2 true false false 4 Short 0 4 ,First,#,landplclip,EntLineW_2,-1,-1;LyrLineW_2 LyrLineW_2 true false false 4 Short 0 4 ,First,#,landplclip,LyrLineW_2,-1,-1;RefName_12 RefName_12 true false false 254 Text 0 0 ,First,#,landplclip,RefName_12,-1,-1;LTScale_12 LTScale_12 true false false 19 Double 0 0 ,First,#,landplclip,LTScale_12,-1,-1;QrotW_12 QrotW_12 true false false 19 Double 0 0 ,First,#,landplclip,QrotW_12,-1,-1;QrotX_12 QrotX_12 true false false 19 Double 0 0 ,First,#,landplclip,QrotX_12,-1,-1;QrotY_12 QrotY_12 true false false 19 Double 0 0 ,First,#,landplclip,QrotY_12,-1,-1;QrotZ_12 QrotZ_12 true false false 19 Double 0 0 ,First,#,landplclip,QrotZ_12,-1,-1;DocName_12 DocName_12 true false false 254 Text 0 0 ,First,#,landplclip,DocName_12,-1,-1;DocPath_12 DocPath_12 true false false 254 Text 0 0 ,First,#,landplclip,DocPath_12,-1,-1;DocType_12 DocType_12 true false false 32 Text 0 0 ,First,#,landplclip,DocType_12,-1,-1;DocVer_12 DocVer_12 true false false 16 Text 0 0 ,First,#,landplclip,DocVer_12,-1,-1;FID_Poly_2 FID_Poly_2 true false false 9 Long 0 9 ,First,#,landplclip,FID_Poly_2,-1,-1;Entity__13 Entity__13 true false false 16 Text 0 0 ,First,#,landplclip,Entity__13,-1,-1;Handle__13 Handle__13 true false false 16 Text 0 0 ,First,#,landplclip,Handle__13,-1,-1;Level_1_13 Level_1_13 true false false 9 Long 0 9 ,First,#,landplclip,Level_1_13,-1,-1;Layer_1_13 Layer_1_13 true false false 254 Text 0 0 ,First,#,landplclip,Layer_1_13,-1,-1;LvlDesc_13 LvlDesc_13 true false false 254 Text 0 0 ,First,#,landplclip,LvlDesc_13,-1,-1;LyrFrzn_13 LyrFrzn_13 true false false 4 Short 0 4 ,First,#,landplclip,LyrFrzn_13,-1,-1;LyrLock_13 LyrLock_13 true false false 4 Short 0 4 ,First,#,landplclip,LyrLock_13,-1,-1;LyrOn_1_13 LyrOn_1_13 true false false 4 Short 0 4 ,First,#,landplclip,LyrOn_1_13,-1,-1;LvlPlot_13 LvlPlot_13 true false false 4 Short 0 4 ,First,#,landplclip,LvlPlot_13,-1,-1;Color_1_13 Color_1_13 true false false 4 Short 0 4 ,First,#,landplclip,Color_1_13,-1,-1;EntColor_3 EntColor_3 true false false 4 Short 0 4 ,First,#,landplclip,EntColor_3,-1,-1;LyrColor_3 LyrColor_3 true false false 4 Short 0 4 ,First,#,landplclip,LyrColor_3,-1,-1;Linetype_3 Linetype_3 true false false 254 Text 0 0 ,First,#,landplclip,Linetype_3,-1,-1;EntLinet_3 EntLinet_3 true false false 254 Text 0 0 ,First,#,landplclip,EntLinet_3,-1,-1;LyrLnTyp_3 LyrLnTyp_3 true false false 254 Text 0 0 ,First,#,landplclip,LyrLnTyp_3,-1,-1;Elevatio_3 Elevatio_3 true false false 19 Double 0 0 ,First,#,landplclip,Elevatio_3,-1,-1;Class_1_13 Class_1_13 true false false 24 Text 0 0 ,First,#,landplclip,Class_1_13,-1,-1;GGroup__13 GGroup__13 true false false 4 Short 0 4 ,First,#,landplclip,GGroup__13,-1,-1;CadModel_3 CadModel_3 true false false 254 Text 0 0 ,First,#,landplclip,CadModel_3,-1,-1;Fill_12_13 Fill_12_13 true false false 4 Short 0 4 ,First,#,landplclip,Fill_12_13,-1,-1;LineWt__13 LineWt__13 true false false 4 Short 0 4 ,First,#,landplclip,LineWt__13,-1,-1;EntLineW_3 EntLineW_3 true false false 4 Short 0 4 ,First,#,landplclip,EntLineW_3,-1,-1;LyrLineW_3 LyrLineW_3 true false false 4 Short 0 4 ,First,#,landplclip,LyrLineW_3,-1,-1;RefName_13 RefName_13 true false false 254 Text 0 0 ,First,#,landplclip,RefName_13,-1,-1;LTScale_13 LTScale_13 true false false 19 Double 0 0 ,First,#,landplclip,LTScale_13,-1,-1;QrotW_1_13 QrotW_1_13 true false false 19 Double 0 0 ,First,#,landplclip,QrotW_1_13,-1,-1;QrotX_1_13 QrotX_1_13 true false false 19 Double 0 0 ,First,#,landplclip,QrotX_1_13,-1,-1;QrotY_1_13 QrotY_1_13 true false false 19 Double 0 0 ,First,#,landplclip,QrotY_1_13,-1,-1;QrotZ_1_13 QrotZ_1_13 true false false 19 Double 0 0 ,First,#,landplclip,QrotZ_1_13,-1,-1;DocName_13 DocName_13 true false false 254 Text 0 0 ,First,#,landplclip,DocName_13,-1,-1;DocPath_13 DocPath_13 true false false 254 Text 0 0 ,First,#,landplclip,DocPath_13,-1,-1;DocType_13 DocType_13 true false false 32 Text 0 0 ,First,#,landplclip,DocType_13,-1,-1;DocVer__13 DocVer__13 true false false 16 Text 0 0 ,First,#,landplclip,DocVer__13,-1,-1;FID_Poly_3 FID_Poly_3 true false false 9 Long 0 9 ,First,#,landplclip,FID_Poly_3,-1,-1;Entity__14 Entity__14 true false false 16 Text 0 0 ,First,#,landplclip,Entity__14,-1,-1;Handle__14 Handle__14 true false false 16 Text 0 0 ,First,#,landplclip,Handle__14,-1,-1;Level_1_14 Level_1_14 true false false 9 Long 0 9 ,First,#,landplclip,Level_1_14,-1,-1;Layer_1_14 Layer_1_14 true false false 254 Text 0 0 ,First,#,landplclip,Layer_1_14,-1,-1;LvlDesc_14 LvlDesc_14 true false false 254 Text 0 0 ,First,#,landplclip,LvlDesc_14,-1,-1;LyrFrzn_14 LyrFrzn_14 true false false 4 Short 0 4 ,First,#,landplclip,LyrFrzn_14,-1,-1;LyrLock_14 LyrLock_14 true false false 4 Short 0 4 ,First,#,landplclip,LyrLock_14,-1,-1;LyrOn_1_14 LyrOn_1_14 true false false 4 Short 0 4 ,First,#,landplclip,LyrOn_1_14,-1,-1;LvlPlot_14 LvlPlot_14 true false false 4 Short 0 4 ,First,#,landplclip,LvlPlot_14,-1,-1;Color_1_14 Color_1_14 true false false 4 Short 0 4 ,First,#,landplclip,Color_1_14,-1,-1;EntColor_4 EntColor_4 true false false 4 Short 0 4 ,First,#,landplclip,EntColor_4,-1,-1;LyrColor_4 LyrColor_4 true false false 4 Short 0 4 ,First,#,landplclip,LyrColor_4,-1,-1;Linetype_4 Linetype_4 true false false 254 Text 0 0 ,First,#,landplclip,Linetype_4,-1,-1;EntLinet_4 EntLinet_4 true false false 254 Text 0 0 ,First,#,landplclip,EntLinet_4,-1,-1;LyrLnTyp_4 LyrLnTyp_4 true false false 254 Text 0 0 ,First,#,landplclip,LyrLnTyp_4,-1,-1;Elevatio_4 Elevatio_4 true false false 19 Double 0 0 ,First,#,landplclip,Elevatio_4,-1,-1;Class_1_14 Class_1_14 true false false 24 Text 0 0 ,First,#,landplclip,Class_1_14,-1,-1;GGroup__14 GGroup__14 true false false 4 Short 0 4 ,First,#,landplclip,GGroup__14,-1,-1;CadModel_4 CadModel_4 true false false 254 Text 0 0 ,First,#,landplclip,CadModel_4,-1,-1;Fill_12_14 Fill_12_14 true false false 4 Short 0 4 ,First,#,landplclip,Fill_12_14,-1,-1;LineWt__14 LineWt__14 true false false 4 Short 0 4 ,First,#,landplclip,LineWt__14,-1,-1;EntLineW_4 EntLineW_4 true false false 4 Short 0 4 ,First,#,landplclip,EntLineW_4,-1,-1;LyrLineW_4 LyrLineW_4 true false false 4 Short 0 4 ,First,#,landplclip,LyrLineW_4,-1,-1;RefName_14 RefName_14 true false false 254 Text 0 0 ,First,#,landplclip,RefName_14,-1,-1;LTScale_14 LTScale_14 true false false 19 Double 0 0 ,First,#,landplclip,LTScale_14,-1,-1;QrotW_1_14 QrotW_1_14 true false false 19 Double 0 0 ,First,#,landplclip,QrotW_1_14,-1,-1;QrotX_1_14 QrotX_1_14 true false false 19 Double 0 0 ,First,#,landplclip,QrotX_1_14,-1,-1;QrotY_1_14 QrotY_1_14 true false false 19 Double 0 0 ,First,#,landplclip,QrotY_1_14,-1,-1;QrotZ_1_14 QrotZ_1_14 true false false 19 Double 0 0 ,First,#,landplclip,QrotZ_1_14,-1,-1;DocName_14 DocName_14 true false false 254 Text 0 0 ,First,#,landplclip,DocName_14,-1,-1;DocPath_14 DocPath_14 true false false 254 Text 0 0 ,First,#,landplclip,DocPath_14,-1,-1;DocType_14 DocType_14 true false false 32 Text 0 0 ,First,#,landplclip,DocType_14,-1,-1;DocVer__14 DocVer__14 true false false 16 Text 0 0 ,First,#,landplclip,DocVer__14,-1,-1;FID_Poly_4 FID_Poly_4 true false false 9 Long 0 9 ,First,#,landplclip,FID_Poly_4,-1,-1;Entity__15 Entity__15 true false false 16 Text 0 0 ,First,#,landplclip,Entity__15,-1,-1;Handle__15 Handle__15 true false false 16 Text 0 0 ,First,#,landplclip,Handle__15,-1,-1;Level_1_15 Level_1_15 true false false 9 Long 0 9 ,First,#,landplclip,Level_1_15,-1,-1;Layer_1_15 Layer_1_15 true false false 254 Text 0 0 ,First,#,landplclip,Layer_1_15,-1,-1;LvlDesc_15 LvlDesc_15 true false false 254 Text 0 0 ,First,#,landplclip,LvlDesc_15,-1,-1;LyrFrzn_15 LyrFrzn_15 true false false 4 Short 0 4 ,First,#,landplclip,LyrFrzn_15,-1,-1;LyrLock_15 LyrLock_15 true false false 4 Short 0 4 ,First,#,landplclip,LyrLock_15,-1,-1;LyrOn_1_15 LyrOn_1_15 true false false 4 Short 0 4 ,First,#,landplclip,LyrOn_1_15,-1,-1;LvlPlot_15 LvlPlot_15 true false false 4 Short 0 4 ,First,#,landplclip,LvlPlot_15,-1,-1;Color_1_15 Color_1_15 true false false 4 Short 0 4 ,First,#,landplclip,Color_1_15,-1,-1;EntColor_5 EntColor_5 true false false 4 Short 0 4 ,First,#,landplclip,EntColor_5,-1,-1;LyrColor_5 LyrColor_5 true false false 4 Short 0 4 ,First,#,landplclip,LyrColor_5,-1,-1;Linetype_5 Linetype_5 true false false 254 Text 0 0 ,First,#,landplclip,Linetype_5,-1,-1;EntLinet_5 EntLinet_5 true false false 254 Text 0 0 ,First,#,landplclip,EntLinet_5,-1,-1;LyrLnTyp_5 LyrLnTyp_5 true false false 254 Text 0 0 ,First,#,landplclip,LyrLnTyp_5,-1,-1;Elevatio_5 Elevatio_5 true false false 19 Double 0 0 ,First,#,landplclip,Elevatio_5,-1,-1;Class_1_15 Class_1_15 true false false 24 Text 0 0 ,First,#,landplclip,Class_1_15,-1,-1;GGroup__15 GGroup__15 true false false 4 Short 0 4 ,First,#,landplclip,GGroup__15,-1,-1;CadModel_5 CadModel_5 true false false 254 Text 0 0 ,First,#,landplclip,CadModel_5,-1,-1;Fill_12_15 Fill_12_15 true false false 4 Short 0 4 ,First,#,landplclip,Fill_12_15,-1,-1;LineWt__15 LineWt__15 true false false 4 Short 0 4 ,First,#,landplclip,LineWt__15,-1,-1;EntLineW_5 EntLineW_5 true false false 4 Short 0 4 ,First,#,landplclip,EntLineW_5,-1,-1;LyrLineW_5 LyrLineW_5 true false false 4 Short 0 4 ,First,#,landplclip,LyrLineW_5,-1,-1;RefName_15 RefName_15 true false false 254 Text 0 0 ,First,#,landplclip,RefName_15,-1,-1;LTScale_15 LTScale_15 true false false 19 Double 0 0 ,First,#,landplclip,LTScale_15,-1,-1;QrotW_1_15 QrotW_1_15 true false false 19 Double 0 0 ,First,#,landplclip,QrotW_1_15,-1,-1;QrotX_1_15 QrotX_1_15 true false false 19 Double 0 0 ,First,#,landplclip,QrotX_1_15,-1,-1;QrotY_1_15 QrotY_1_15 true false false 19 Double 0 0 ,First,#,landplclip,QrotY_1_15,-1,-1;QrotZ_1_15 QrotZ_1_15 true false false 19 Double 0 0 ,First,#,landplclip,QrotZ_1_15,-1,-1;DocName_15 DocName_15 true false false 254 Text 0 0 ,First,#,landplclip,DocName_15,-1,-1;DocPath_15 DocPath_15 true false false 254 Text 0 0 ,First,#,landplclip,DocPath_15,-1,-1;DocType_15 DocType_15 true false false 32 Text 0 0 ,First,#,landplclip,DocType_15,-1,-1;DocVer__15 DocVer__15 true false false 16 Text 0 0 ,First,#,landplclip,DocVer__15,-1,-1;FID_Poly_5 FID_Poly_5 true false false 9 Long 0 9 ,First,#,landplclip,FID_Poly_5,-1,-1;Entity__16 Entity__16 true false false 16 Text 0 0 ,First,#,landplclip,Entity__16,-1,-1;Handle__16 Handle__16 true false false 16 Text 0 0 ,First,#,landplclip,Handle__16,-1,-1;Level_1_16 Level_1_16 true false false 9 Long 0 9 ,First,#,landplclip,Level_1_16,-1,-1;Layer_1_16 Layer_1_16 true false false 254 Text 0 0 ,First,#,landplclip,Layer_1_16,-1,-1;LvlDesc_16 LvlDesc_16 true false false 254 Text 0 0 ,First,#,landplclip,LvlDesc_16,-1,-1;LyrFrzn_16 LyrFrzn_16 true false false 4 Short 0 4 ,First,#,landplclip,LyrFrzn_16,-1,-1;LyrLock_16 LyrLock_16 true false false 4 Short 0 4 ,First,#,landplclip,LyrLock_16,-1,-1;LyrOn_1_16 LyrOn_1_16 true false false 4 Short 0 4 ,First,#,landplclip,LyrOn_1_16,-1,-1;LvlPlot_16 LvlPlot_16 true false false 4 Short 0 4 ,First,#,landplclip,LvlPlot_16,-1,-1;Color_1_16 Color_1_16 true false false 4 Short 0 4 ,First,#,landplclip,Color_1_16,-1,-1;EntColor_6 EntColor_6 true false false 4 Short 0 4 ,First,#,landplclip,EntColor_6,-1,-1;LyrColor_6 LyrColor_6 true false false 4 Short 0 4 ,First,#,landplclip,LyrColor_6,-1,-1;Linetype_6 Linetype_6 true false false 254 Text 0 0 ,First,#,landplclip,Linetype_6,-1,-1;EntLinet_6 EntLinet_6 true false false 254 Text 0 0 ,First,#,landplclip,EntLinet_6,-1,-1;LyrLnTyp_6 LyrLnTyp_6 true false false 254 Text 0 0 ,First,#,landplclip,LyrLnTyp_6,-1,-1;Elevatio_6 Elevatio_6 true false false 19 Double 0 0 ,First,#,landplclip,Elevatio_6,-1,-1;Class_1_16 Class_1_16 true false false 24 Text 0 0 ,First,#,landplclip,Class_1_16,-1,-1;GGroup__16 GGroup__16 true false false 4 Short 0 4 ,First,#,landplclip,GGroup__16,-1,-1;CadModel_6 CadModel_6 true false false 254 Text 0 0 ,First,#,landplclip,CadModel_6,-1,-1;Fill_12_16 Fill_12_16 true false false 4 Short 0 4 ,First,#,landplclip,Fill_12_16,-1,-1;LineWt__16 LineWt__16 true false false 4 Short 0 4 ,First,#,landplclip,LineWt__16,-1,-1;EntLineW_6 EntLineW_6 true false false 4 Short 0 4 ,First,#,landplclip,EntLineW_6,-1,-1;LyrLineW_6 LyrLineW_6 true false false 4 Short 0 4 ,First,#,landplclip,LyrLineW_6,-1,-1;RefName_16 RefName_16 true false false 254 Text 0 0 ,First,#,landplclip,RefName_16,-1,-1;LTScale_16 LTScale_16 true false false 19 Double 0 0 ,First,#,landplclip,LTScale_16,-1,-1;QrotW_1_16 QrotW_1_16 true false false 19 Double 0 0 ,First,#,landplclip,QrotW_1_16,-1,-1;QrotX_1_16 QrotX_1_16 true false false 19 Double 0 0 ,First,#,landplclip,QrotX_1_16,-1,-1;QrotY_1_16 QrotY_1_16 true false false 19 Double 0 0 ,First,#,landplclip,QrotY_1_16,-1,-1;QrotZ_1_16 QrotZ_1_16 true false false 19 Double 0 0 ,First,#,landplclip,QrotZ_1_16,-1,-1;DocName_16 DocName_16 true false false 254 Text 0 0 ,First,#,landplclip,DocName_16,-1,-1;DocPath_16 DocPath_16 true false false 254 Text 0 0 ,First,#,landplclip,DocPath_16,-1,-1;DocType_16 DocType_16 true false false 32 Text 0 0 ,First,#,landplclip,DocType_16,-1,-1;DocVer__16 DocVer__16 true false false 16 Text 0 0 ,First,#,landplclip,DocVer__16,-1,-1;FID_Poly_6 FID_Poly_6 true false false 9 Long 0 9 ,First,#,landplclip,FID_Poly_6,-1,-1;Entity__17 Entity__17 true false false 16 Text 0 0 ,First,#,landplclip,Entity__17,-1,-1;Handle__17 Handle__17 true false false 16 Text 0 0 ,First,#,landplclip,Handle__17,-1,-1;Level_1_17 Level_1_17 true false false 9 Long 0 9 ,First,#,landplclip,Level_1_17,-1,-1;Layer_1_17 Layer_1_17 true false false 254 Text 0 0 ,First,#,landplclip,Layer_1_17,-1,-1;LvlDesc_17 LvlDesc_17 true false false 254 Text 0 0 ,First,#,landplclip,LvlDesc_17,-1,-1;LyrFrzn_17 LyrFrzn_17 true false false 4 Short 0 4 ,First,#,landplclip,LyrFrzn_17,-1,-1;LyrLock_17 LyrLock_17 true false false 4 Short 0 4 ,First,#,landplclip,LyrLock_17,-1,-1;LyrOn_1_17 LyrOn_1_17 true false false 4 Short 0 4 ,First,#,landplclip,LyrOn_1_17,-1,-1;LvlPlot_17 LvlPlot_17 true false false 4 Short 0 4 ,First,#,landplclip,LvlPlot_17,-1,-1;Color_1_17 Color_1_17 true false false 4 Short 0 4 ,First,#,landplclip,Color_1_17,-1,-1;EntColor_7 EntColor_7 true false false 4 Short 0 4 ,First,#,landplclip,EntColor_7,-1,-1;LyrColor_7 LyrColor_7 true false false 4 Short 0 4 ,First,#,landplclip,LyrColor_7,-1,-1;Linetype_7 Linetype_7 true false false 254 Text 0 0 ,First,#,landplclip,Linetype_7,-1,-1;EntLinet_7 EntLinet_7 true false false 254 Text 0 0 ,First,#,landplclip,EntLinet_7,-1,-1;LyrLnTyp_7 LyrLnTyp_7 true false false 254 Text 0 0 ,First,#,landplclip,LyrLnTyp_7,-1,-1;Elevatio_7 Elevatio_7 true false false 19 Double 0 0 ,First,#,landplclip,Elevatio_7,-1,-1;Class_1_17 Class_1_17 true false false 24 Text 0 0 ,First,#,landplclip,Class_1_17,-1,-1;GGroup__17 GGroup__17 true false false 4 Short 0 4 ,First,#,landplclip,GGroup__17,-1,-1;CadModel_7 CadModel_7 true false false 254 Text 0 0 ,First,#,landplclip,CadModel_7,-1,-1;Fill_12_17 Fill_12_17 true false false 4 Short 0 4 ,First,#,landplclip,Fill_12_17,-1,-1;LineWt__17 LineWt__17 true false false 4 Short 0 4 ,First,#,landplclip,LineWt__17,-1,-1;EntLineW_7 EntLineW_7 true false false 4 Short 0 4 ,First,#,landplclip,EntLineW_7,-1,-1;LyrLineW_7 LyrLineW_7 true false false 4 Short 0 4 ,First,#,landplclip,LyrLineW_7,-1,-1;RefName_17 RefName_17 true false false 254 Text 0 0 ,First,#,landplclip,RefName_17,-1,-1;LTScale_17 LTScale_17 true false false 19 Double 0 0 ,First,#,landplclip,LTScale_17,-1,-1;QrotW_1_17 QrotW_1_17 true false false 19 Double 0 0 ,First,#,landplclip,QrotW_1_17,-1,-1;QrotX_1_17 QrotX_1_17 true false false 19 Double 0 0 ,First,#,landplclip,QrotX_1_17,-1,-1;QrotY_1_17 QrotY_1_17 true false false 19 Double 0 0 ,First,#,landplclip,QrotY_1_17,-1,-1;QrotZ_1_17 QrotZ_1_17 true false false 19 Double 0 0 ,First,#,landplclip,QrotZ_1_17,-1,-1;DocName_17 DocName_17 true false false 254 Text 0 0 ,First,#,landplclip,DocName_17,-1,-1;DocPath_17 DocPath_17 true false false 254 Text 0 0 ,First,#,landplclip,DocPath_17,-1,-1;DocType_17 DocType_17 true false false 32 Text 0 0 ,First,#,landplclip,DocType_17,-1,-1;DocVer__17 DocVer__17 true false false 16 Text 0 0 ,First,#,landplclip,DocVer__17,-1,-1;FID_Poly_7 FID_Poly_7 true false false 9 Long 0 9 ,First,#,landplclip,FID_Poly_7,-1,-1;Entity__18 Entity__18 true false false 16 Text 0 0 ,First,#,landplclip,Entity__18,-1,-1;Handle__18 Handle__18 true false false 16 Text 0 0 ,First,#,landplclip,Handle__18,-1,-1;Level_1_18 Level_1_18 true false false 9 Long 0 9 ,First,#,landplclip,Level_1_18,-1,-1;Layer_1_18 Layer_1_18 true false false 254 Text 0 0 ,First,#,landplclip,Layer_1_18,-1,-1;LvlDesc_18 LvlDesc_18 true false false 254 Text 0 0 ,First,#,landplclip,LvlDesc_18,-1,-1;LyrFrzn_18 LyrFrzn_18 true false false 4 Short 0 4 ,First,#,landplclip,LyrFrzn_18,-1,-1;LyrLock_18 LyrLock_18 true false false 4 Short 0 4 ,First,#,landplclip,LyrLock_18,-1,-1;LyrOn_1_18 LyrOn_1_18 true false false 4 Short 0 4 ,First,#,landplclip,LyrOn_1_18,-1,-1;LvlPlot_18 LvlPlot_18 true false false 4 Short 0 4 ,First,#,landplclip,LvlPlot_18,-1,-1;Color_1_18 Color_1_18 true false false 4 Short 0 4 ,First,#,landplclip,Color_1_18,-1,-1;EntColor_8 EntColor_8 true false false 4 Short 0 4 ,First,#,landplclip,EntColor_8,-1,-1;LyrColor_8 LyrColor_8 true false false 4 Short 0 4 ,First,#,landplclip,LyrColor_8,-1,-1;Linetype_8 Linetype_8 true false false 254 Text 0 0 ,First,#,landplclip,Linetype_8,-1,-1;EntLinet_8 EntLinet_8 true false false 254 Text 0 0 ,First,#,landplclip,EntLinet_8,-1,-1;LyrLnTyp_8 LyrLnTyp_8 true false false 254 Text 0 0 ,First,#,landplclip,LyrLnTyp_8,-1,-1;Elevatio_8 Elevatio_8 true false false 19 Double 0 0 ,First,#,landplclip,Elevatio_8,-1,-1;Class_1_18 Class_1_18 true false false 24 Text 0 0 ,First,#,landplclip,Class_1_18,-1,-1;GGroup__18 GGroup__18 true false false 4 Short 0 4 ,First,#,landplclip,GGroup__18,-1,-1;CadModel_8 CadModel_8 true false false 254 Text 0 0 ,First,#,landplclip,CadModel_8,-1,-1;Fill_12_18 Fill_12_18 true false false 4 Short 0 4 ,First,#,landplclip,Fill_12_18,-1,-1;LineWt__18 LineWt__18 true false false 4 Short 0 4 ,First,#,landplclip,LineWt__18,-1,-1;EntLineW_8 EntLineW_8 true false false 4 Short 0 4 ,First,#,landplclip,EntLineW_8,-1,-1;LyrLineW_8 LyrLineW_8 true false false 4 Short 0 4 ,First,#,landplclip,LyrLineW_8,-1,-1;RefName_18 RefName_18 true false false 254 Text 0 0 ,First,#,landplclip,RefName_18,-1,-1;LTScale_18 LTScale_18 true false false 19 Double 0 0 ,First,#,landplclip,LTScale_18,-1,-1;QrotW_1_18 QrotW_1_18 true false false 19 Double 0 0 ,First,#,landplclip,QrotW_1_18,-1,-1;QrotX_1_18 QrotX_1_18 true false false 19 Double 0 0 ,First,#,landplclip,QrotX_1_18,-1,-1;QrotY_1_18 QrotY_1_18 true false false 19 Double 0 0 ,First,#,landplclip,QrotY_1_18,-1,-1;QrotZ_1_18 QrotZ_1_18 true false false 19 Double 0 0 ,First,#,landplclip,QrotZ_1_18,-1,-1;DocName_18 DocName_18 true false false 254 Text 0 0 ,First,#,landplclip,DocName_18,-1,-1;DocPath_18 DocPath_18 true false false 254 Text 0 0 ,First,#,landplclip,DocPath_18,-1,-1;DocType_18 DocType_18 true false false 32 Text 0 0 ,First,#,landplclip,DocType_18,-1,-1;DocVer__18 DocVer__18 true false false 16 Text 0 0 ,First,#,landplclip,DocVer__18,-1,-1;MsLink_D_4 MsLink_D_4 true false false 9 Long 0 9 ,First,#,landplclip,MsLink_D_4,-1,-1;MsCtlg_D_4 MsCtlg_D_4 true false false 9 Long 0 9 ,First,#,landplclip,MsCtlg_D_4,-1,-1;FID_Poly_8 FID_Poly_8 true false false 9 Long 0 9 ,First,#,landplclip,FID_Poly_8,-1,-1;Entity__19 Entity__19 true false false 16 Text 0 0 ,First,#,landplclip,Entity__19,-1,-1;Handle__19 Handle__19 true false false 16 Text 0 0 ,First,#,landplclip,Handle__19,-1,-1;Level_1_19 Level_1_19 true false false 9 Long 0 9 ,First,#,landplclip,Level_1_19,-1,-1;Layer_1_19 Layer_1_19 true false false 254 Text 0 0 ,First,#,landplclip,Layer_1_19,-1,-1;LvlDesc_19 LvlDesc_19 true false false 254 Text 0 0 ,First,#,landplclip,LvlDesc_19,-1,-1;LyrFrzn_19 LyrFrzn_19 true false false 4 Short 0 4 ,First,#,landplclip,LyrFrzn_19,-1,-1;LyrLock_19 LyrLock_19 true false false 4 Short 0 4 ,First,#,landplclip,LyrLock_19,-1,-1;LyrOn_1_19 LyrOn_1_19 true false false 4 Short 0 4 ,First,#,landplclip,LyrOn_1_19,-1,-1;LvlPlot_19 LvlPlot_19 true false false 4 Short 0 4 ,First,#,landplclip,LvlPlot_19,-1,-1;Color_1_19 Color_1_19 true false false 4 Short 0 4 ,First,#,landplclip,Color_1_19,-1,-1;EntColor_9 EntColor_9 true false false 4 Short 0 4 ,First,#,landplclip,EntColor_9,-1,-1;LyrColor_9 LyrColor_9 true false false 4 Short 0 4 ,First,#,landplclip,LyrColor_9,-1,-1;Linetype_9 Linetype_9 true false false 254 Text 0 0 ,First,#,landplclip,Linetype_9,-1,-1;EntLinet_9 EntLinet_9 true false false 254 Text 0 0 ,First,#,landplclip,EntLinet_9,-1,-1;LyrLnTyp_9 LyrLnTyp_9 true false false 254 Text 0 0 ,First,#,landplclip,LyrLnTyp_9,-1,-1;Elevatio_9 Elevatio_9 true false false 19 Double 0 0 ,First,#,landplclip,Elevatio_9,-1,-1;Class_1_19 Class_1_19 true false false 24 Text 0 0 ,First,#,landplclip,Class_1_19,-1,-1;GGroup__19 GGroup__19 true false false 4 Short 0 4 ,First,#,landplclip,GGroup__19,-1,-1;CadModel_9 CadModel_9 true false false 254 Text 0 0 ,First,#,landplclip,CadModel_9,-1,-1;Fill_12_19 Fill_12_19 true false false 4 Short 0 4 ,First,#,landplclip,Fill_12_19,-1,-1;LineWt__19 LineWt__19 true false false 4 Short 0 4 ,First,#,landplclip,LineWt__19,-1,-1;EntLineW_9 EntLineW_9 true false false 4 Short 0 4 ,First,#,landplclip,EntLineW_9,-1,-1;LyrLineW_9 LyrLineW_9 true false false 4 Short 0 4 ,First,#,landplclip,LyrLineW_9,-1,-1;RefName_19 RefName_19 true false false 254 Text 0 0 ,First,#,landplclip,RefName_19,-1,-1;LTScale_19 LTScale_19 true false false 19 Double 0 0 ,First,#,landplclip,LTScale_19,-1,-1;QrotW_1_19 QrotW_1_19 true false false 19 Double 0 0 ,First,#,landplclip,QrotW_1_19,-1,-1;QrotX_1_19 QrotX_1_19 true false false 19 Double 0 0 ,First,#,landplclip,QrotX_1_19,-1,-1;QrotY_1_19 QrotY_1_19 true false false 19 Double 0 0 ,First,#,landplclip,QrotY_1_19,-1,-1;QrotZ_1_19 QrotZ_1_19 true false false 19 Double 0 0 ,First,#,landplclip,QrotZ_1_19,-1,-1;DocName_19 DocName_19 true false false 254 Text 0 0 ,First,#,landplclip,DocName_19,-1,-1;DocPath_19 DocPath_19 true false false 254 Text 0 0 ,First,#,landplclip,DocPath_19,-1,-1;DocType_19 DocType_19 true false false 32 Text 0 0 ,First,#,landplclip,DocType_19,-1,-1;DocVer__19 DocVer__19 true false false 16 Text 0 0 ,First,#,landplclip,DocVer__19,-1,-1;MsLink_D_5 MsLink_D_5 true false false 9 Long 0 9 ,First,#,landplclip,MsLink_D_5,-1,-1;MsCtlg_D_5 MsCtlg_D_5 true false false 9 Long 0 9 ,First,#,landplclip,MsCtlg_D_5,-1,-1;FID_Poly_9 FID_Poly_9 true false false 9 Long 0 9 ,First,#,landplclip,FID_Poly_9,-1,-1;Entity__20 Entity__20 true false false 16 Text 0 0 ,First,#,landplclip,Entity__20,-1,-1;Handle__20 Handle__20 true false false 16 Text 0 0 ,First,#,landplclip,Handle__20,-1,-1;Level_1_20 Level_1_20 true false false 9 Long 0 9 ,First,#,landplclip,Level_1_20,-1,-1;Layer_1_20 Layer_1_20 true false false 254 Text 0 0 ,First,#,landplclip,Layer_1_20,-1,-1;LvlDesc_20 LvlDesc_20 true false false 254 Text 0 0 ,First,#,landplclip,LvlDesc_20,-1,-1;LyrFrzn_20 LyrFrzn_20 true false false 4 Short 0 4 ,First,#,landplclip,LyrFrzn_20,-1,-1;LyrLock_20 LyrLock_20 true false false 4 Short 0 4 ,First,#,landplclip,LyrLock_20,-1,-1;LyrOn_1_20 LyrOn_1_20 true false false 4 Short 0 4 ,First,#,landplclip,LyrOn_1_20,-1,-1;LvlPlot_20 LvlPlot_20 true false false 4 Short 0 4 ,First,#,landplclip,LvlPlot_20,-1,-1;Color_1_20 Color_1_20 true false false 4 Short 0 4 ,First,#,landplclip,Color_1_20,-1,-1;EntColo_10 EntColo_10 true false false 4 Short 0 4 ,First,#,landplclip,EntColo_10,-1,-1;LyrColo_10 LyrColo_10 true false false 4 Short 0 4 ,First,#,landplclip,LyrColo_10,-1,-1;Linetyp_10 Linetyp_10 true false false 254 Text 0 0 ,First,#,landplclip,Linetyp_10,-1,-1;EntLine_10 EntLine_10 true false false 254 Text 0 0 ,First,#,landplclip,EntLine_10,-1,-1;LyrLnTy_10 LyrLnTy_10 true false false 254 Text 0 0 ,First,#,landplclip,LyrLnTy_10,-1,-1;Elevati_10 Elevati_10 true false false 19 Double 0 0 ,First,#,landplclip,Elevati_10,-1,-1;Class_1_20 Class_1_20 true false false 24 Text 0 0 ,First,#,landplclip,Class_1_20,-1,-1;GGroup__20 GGroup__20 true false false 4 Short 0 4 ,First,#,landplclip,GGroup__20,-1,-1;CadMode_10 CadMode_10 true false false 254 Text 0 0 ,First,#,landplclip,CadMode_10,-1,-1;Fill_12_20 Fill_12_20 true false false 4 Short 0 4 ,First,#,landplclip,Fill_12_20,-1,-1;LineWt__20 LineWt__20 true false false 4 Short 0 4 ,First,#,landplclip,LineWt__20,-1,-1;EntLine_11 EntLine_11 true false false 4 Short 0 4 ,First,#,landplclip,EntLine_11,-1,-1;LyrLine_10 LyrLine_10 true false false 4 Short 0 4 ,First,#,landplclip,LyrLine_10,-1,-1;RefName_20 RefName_20 true false false 254 Text 0 0 ,First,#,landplclip,RefName_20,-1,-1;LTScale_20 LTScale_20 true false false 19 Double 0 0 ,First,#,landplclip,LTScale_20,-1,-1;QrotW_1_20 QrotW_1_20 true false false 19 Double 0 0 ,First,#,landplclip,QrotW_1_20,-1,-1;QrotX_1_20 QrotX_1_20 true false false 19 Double 0 0 ,First,#,landplclip,QrotX_1_20,-1,-1;QrotY_1_20 QrotY_1_20 true false false 19 Double 0 0 ,First,#,landplclip,QrotY_1_20,-1,-1;QrotZ_1_20 QrotZ_1_20 true false false 19 Double 0 0 ,First,#,landplclip,QrotZ_1_20,-1,-1;DocName_20 DocName_20 true false false 254 Text 0 0 ,First,#,landplclip,DocName_20,-1,-1;DocPath_20 DocPath_20 true false false 254 Text 0 0 ,First,#,landplclip,DocPath_20,-1,-1;DocType_20 DocType_20 true false false 32 Text 0 0 ,First,#,landplclip,DocType_20,-1,-1;DocVer__20 DocVer__20 true false false 16 Text 0 0 ,First,#,landplclip,DocVer__20,-1,-1;FID_Pol_10 FID_Pol_10 true false false 9 Long 0 9 ,First,#,landplclip,FID_Pol_10,-1,-1;Entity__21 Entity__21 true false false 16 Text 0 0 ,First,#,landplclip,Entity__21,-1,-1;Handle__21 Handle__21 true false false 16 Text 0 0 ,First,#,landplclip,Handle__21,-1,-1;Level_1_21 Level_1_21 true false false 9 Long 0 9 ,First,#,landplclip,Level_1_21,-1,-1;Layer_1_21 Layer_1_21 true false false 254 Text 0 0 ,First,#,landplclip,Layer_1_21,-1,-1;LvlDesc_21 LvlDesc_21 true false false 254 Text 0 0 ,First,#,landplclip,LvlDesc_21,-1,-1;LyrFrzn_21 LyrFrzn_21 true false false 4 Short 0 4 ,First,#,landplclip,LyrFrzn_21,-1,-1;LyrLock_21 LyrLock_21 true false false 4 Short 0 4 ,First,#,landplclip,LyrLock_21,-1,-1;LyrOn_1_21 LyrOn_1_21 true false false 4 Short 0 4 ,First,#,landplclip,LyrOn_1_21,-1,-1;LvlPlot_21 LvlPlot_21 true false false 4 Short 0 4 ,First,#,landplclip,LvlPlot_21,-1,-1;Color_1_21 Color_1_21 true false false 4 Short 0 4 ,First,#,landplclip,Color_1_21,-1,-1;EntColo_11 EntColo_11 true false false 4 Short 0 4 ,First,#,landplclip,EntColo_11,-1,-1;LyrColo_11 LyrColo_11 true false false 4 Short 0 4 ,First,#,landplclip,LyrColo_11,-1,-1;Linetyp_11 Linetyp_11 true false false 254 Text 0 0 ,First,#,landplclip,Linetyp_11,-1,-1;EntLine_12 EntLine_12 true false false 254 Text 0 0 ,First,#,landplclip,EntLine_12,-1,-1;LyrLnTy_11 LyrLnTy_11 true false false 254 Text 0 0 ,First,#,landplclip,LyrLnTy_11,-1,-1;Elevati_11 Elevati_11 true false false 19 Double 0 0 ,First,#,landplclip,Elevati_11,-1,-1;Class_1_21 Class_1_21 true false false 24 Text 0 0 ,First,#,landplclip,Class_1_21,-1,-1;GGroup__21 GGroup__21 true false false 4 Short 0 4 ,First,#,landplclip,GGroup__21,-1,-1;CadMode_11 CadMode_11 true false false 254 Text 0 0 ,First,#,landplclip,CadMode_11,-1,-1;Fill_12_21 Fill_12_21 true false false 4 Short 0 4 ,First,#,landplclip,Fill_12_21,-1,-1;LineWt__21 LineWt__21 true false false 4 Short 0 4 ,First,#,landplclip,LineWt__21,-1,-1;EntLine_13 EntLine_13 true false false 4 Short 0 4 ,First,#,landplclip,EntLine_13,-1,-1;LyrLine_11 LyrLine_11 true false false 4 Short 0 4 ,First,#,landplclip,LyrLine_11,-1,-1;RefName_21 RefName_21 true false false 254 Text 0 0 ,First,#,landplclip,RefName_21,-1,-1;LTScale_21 LTScale_21 true false false 19 Double 0 0 ,First,#,landplclip,LTScale_21,-1,-1;QrotW_1_21 QrotW_1_21 true false false 19 Double 0 0 ,First,#,landplclip,QrotW_1_21,-1,-1;QrotX_1_21 QrotX_1_21 true false false 19 Double 0 0 ,First,#,landplclip,QrotX_1_21,-1,-1;QrotY_1_21 QrotY_1_21 true false false 19 Double 0 0 ,First,#,landplclip,QrotY_1_21,-1,-1;QrotZ_1_21 QrotZ_1_21 true false false 19 Double 0 0 ,First,#,landplclip,QrotZ_1_21,-1,-1;DocName_21 DocName_21 true false false 254 Text 0 0 ,First,#,landplclip,DocName_21,-1,-1;DocPath_21 DocPath_21 true false false 254 Text 0 0 ,First,#,landplclip,DocPath_21,-1,-1;DocType_21 DocType_21 true false false 32 Text 0 0 ,First,#,landplclip,DocType_21,-1,-1;DocVer__21 DocVer__21 true false false 16 Text 0 0 ,First,#,landplclip,DocVer__21,-1,-1;FID_base1 FID_base1 true false false 9 Long 0 9 ,First,#,base1line,FID_base1,-1,-1;code code true false false 4 Short 0 4 ,First,#,base1line,code,-1,-1;Area Area true false false 19 Double 0 0 ,First,#,base1line,Area,-1,-1;Perimeter Perimeter true false false 19 Double 0 0 ,First,#,base1line,Perimeter,-1,-1;Hectares Hectares true false false 19 Double 0 0 ,First,#,base1line,Hectares,-1,-1"</Process><Process Name="FeatureToPolygon_9" ToolSource="C:\Program Files\ArcGIS\ArcToolbox\Toolboxes\Data Management Tools.tbx\FeatureToPolygon" Date="20050114" Time="020824">FeatureToPolygon landmerge E:\sabaee\ghazvin\dgn-e\landuse\landpolygon5.shp # ATTRIBUTES #</Process><Process Name="Dissolve_10" ToolSource="C:\Program Files\ArcGIS\ArcToolbox\Toolboxes\Data Management Tools.tbx\Dissolve" Date="20050114" Time="032154">Dissolve landpolygon5 E:\sabaee\ghazvin\dgn-e\landuse\landpolygon5Dis.shp Type # MULTI_PART</Process><Process Name="Dissolve_11" ToolSource="C:\Program Files\ArcGIS\ArcToolbox\Toolboxes\Data Management Tools.tbx\Dissolve" Date="20050114" Time="032325">Dissolve landpolygon5Dis E:\sabaee\ghazvin\dgn-e\landuse\landpolygon5Dis1.shp Type # MULTI_PART</Process><Process Name="MultipartToSinglepart_12" ToolSource="C:\Program Files\ArcGIS\ArcToolbox\Toolboxes\Data Management Tools.tbx\MultipartToSinglepart" Date="20050114" Time="032708">MultipartToSinglepart landpolygon5Dis1 E:\sabaee\ghazvin\dgn-e\landuse\landusefalar.shp</Process><Process Name="Dissolve_1" ToolSource="C:\Program Files\ArcGIS\ArcToolbox\Toolboxes\Data Management Tools.tbx\Dissolve" Date="20090516" Time="122936">Dissolve landusefalar E:\Mapsa_Project\ghazvin\Map\LandUse\landusefalar_Dissolve.shp Type # MULTI_PART</Process><Process Name="MultipartToSinglepart_2" ToolSource="C:\Program Files\ArcGIS\ArcToolbox\Toolboxes\Data Management Tools.tbx\MultipartToSinglepart" Date="20090516" Time="123034">MultipartToSinglepart landusefalar_Dissolve E:\Mapsa_Project\ghazvin\Map\LandUse\landusefalar1.shp</Process><Process Name="Erase_3" ToolSource="C:\Program Files\ArcGIS\ArcToolbox\Toolboxes\Analysis Tools.tbx\Erase" Date="20090516" Time="123101">Erase landusefalar1 vilagep E:\Mapsa_Project\ghazvin\Map\LandUse\landusefalar1_Erase.shp #</Process><Process Name="Dissolve_4" ToolSource="C:\Program Files\ArcGIS\ArcToolbox\Toolboxes\Data Management Tools.tbx\Dissolve" Date="20090516" Time="132419">Dissolve landusefalar2 E:\Mapsa_Project\ghazvin\Map\LandUse\landusefalar2_Dissolve.shp Type # MULTI_PART</Process><Process Name="MultipartToSinglepart_5" ToolSource="C:\Program Files\ArcGIS\ArcToolbox\Toolboxes\Data Management Tools.tbx\MultipartToSinglepart" Date="20090516" Time="132436">MultipartToSinglepart landusefalar2_Dissolve E:\Mapsa_Project\ghazvin\Map\LandUse\landusefalar3.shp</Process><Process Name="Dissolve_1" ToolSource="C:\Program Files\ArcGIS\ArcToolbox\Toolboxes\Data Management Tools.tbx\Dissolve" Date="20090530" Time="164019">Dissolve landusefalar3 E:\Mapsa_Project\ghazvin\Map\LandUse\landusefalar3_Dissolve.shp Type # MULTI_PART</Process><Process Name="MultipartToSinglepart_2" ToolSource="C:\Program Files\ArcGIS\ArcToolbox\Toolboxes\Data Management Tools.tbx\MultipartToSinglepart" Date="20090530" Time="164052">MultipartToSinglepart landusefalar3_Dissolve E:\Mapsa_Project\ghazvin\Map\LandUse\landusefalar4.shp</Process><Process Name="Dissolve_3" ToolSource="C:\Program Files\ArcGIS\ArcToolbox\Toolboxes\Data Management Tools.tbx\Dissolve" Date="20090530" Time="164919">Dissolve landusefalar4 E:\Mapsa_Project\ghazvin\Map\LandUse\landusefalar4_Dissolve.shp Type # MULTI_PART</Process><Process Name="MultipartToSinglepart_4" ToolSource="C:\Program Files\ArcGIS\ArcToolbox\Toolboxes\Data Management Tools.tbx\MultipartToSinglepart" Date="20090530" Time="164937">MultipartToSinglepart landusefalar4_Dissolve E:\Mapsa_Project\ghazvin\Map\LandUse\landusefalar5.shp</Process><Process ToolSource="c:\program files (x86)\arcgis\desktop10.8\ArcToolbox\Toolboxes\Data Management Tools.tbx\DefineProjection" Date="20211127" Time="195117">DefineProjection landuse PROJCS['WGS_1984_UTM_Zone_39N',GEOGCS['GCS_WGS_1984',DATUM['D_WGS_1984',SPHEROID['WGS_1984',6378137.0,298.257223563]],PRIMEM['Greenwich',0.0],UNIT['Degree',0.0174532925199433]],PROJECTION['Transverse_Mercator'],PARAMETER['False_Easting',500000.0],PARAMETER['False_Northing',0.0],PARAMETER['Central_Meridian',51.0],PARAMETER['Scale_Factor',0.9996],PARAMETER['Latitude_Of_Origin',0.0],UNIT['Meter',1.0]]</Process></lineage><itemProps><itemLocation><linkage Sync="TRUE">file://\\MOHANDESI-4\D$\Watershed\3 motaleat\falarmilak\S\landuse</linkage><protocol Sync="TRUE">Local Area Network</protocol></itemLocation></itemProps><copyHistory><copy source="D:\Watershed\3 motaleat\falarmilak\Mapshp\landuse" dest="\\MOHANDESI-4\D$\Watershed\3 motaleat\falarmilak\S\landuse" date="20211021" time="09164000"></copy></copyHistory></DataProperties></Esri><idinfo><native Sync="TRUE">Microsoft Windows XP Version 5.1 (Build 2600) Service Pack 3; ESRI ArcCatalog 9.2.0.1324</native><descript><langdata Sync="TRUE">fa</langdata><abstract>REQUIRED: A brief narrative summary of the data set.</abstract><purpose>REQUIRED: A summary of the intentions with which the data set was developed.</purpose></descript><citation><citeinfo><origin>REQUIRED: The name of an organization or individual that developed the data set.</origin><pubdate>REQUIRED: The date when the data set is published or otherwise made available for release.</pubdate><title Sync="TRUE">landusefalar5</title><ftname Sync="TRUE">landusefalar5</ftname><geoform Sync="TRUE">vector digital data</geoform><onlink Sync="TRUE"></onlink></citeinfo></citation><timeperd><current>REQUIRED: The basis on which the time period of content information is determined.</current><timeinfo><sngdate><caldate>REQUIRED: The year (and optionally month, or month and day) for which the data set corresponds to the ground.</caldate></sngdate></timeinfo></timeperd><status><progress>REQUIRED: The state of the data set.</progress><update>REQUIRED: The frequency with which changes and additions are made to the data set after the initial data set is completed.</update></status><spdom><bounding><westbc Sync="TRUE">REQUIRED: Western-most coordinate of the limit of coverage expressed in longitude.</westbc><eastbc Sync="TRUE">REQUIRED: Eastern-most coordinate of the limit of coverage expressed in longitude.</eastbc><northbc Sync="TRUE">REQUIRED: Northern-most coordinate of the limit of coverage expressed in latitude.</northbc><southbc Sync="TRUE">REQUIRED: Southern-most coordinate of the limit of coverage expressed in latitude.</southbc></bounding></spdom><keywords><theme><themekt>REQUIRED: Reference to a formally registered thesaurus or a similar authoritative source of theme keywords.</themekt><themekey>REQUIRED: Common-use word or phrase used to describe the subject of the data set.</themekey></theme></keywords><accconst>REQUIRED: Restrictions and legal prerequisites for accessing the data set.</accconst><useconst>REQUIRED: Restrictions and legal prerequisites for using the data set after access is granted.</useconst><natvform Sync="TRUE">Shapefile</natvform></idinfo><dataIdInfo><envirDesc Sync="TRUE">Microsoft Windows XP Version 5.1 (Build 2600) Service Pack 3; ESRI ArcCatalog 9.2.0.1324</envirDesc><dataLang><languageCode Sync="TRUE" value="fa"></languageCode></dataLang><idCitation><resTitle Sync="TRUE">landusefalar5</resTitle><presForm><PresFormCd Sync="TRUE" value="005"></PresFormCd></presForm></idCitation><spatRpType><SpatRepTypCd Sync="TRUE" value="001"></SpatRepTypCd></spatRpType></dataIdInfo><metainfo><langmeta Sync="TRUE">fa</langmeta><metstdn Sync="TRUE">FGDC Content Standards for Digital Geospatial Metadata</metstdn><metstdv Sync="TRUE">FGDC-STD-001-1998</metstdv><mettc Sync="TRUE">local time</mettc><metc><cntinfo><cntorgp><cntper>REQUIRED: The person responsible for the metadata information.</cntper><cntorg>REQUIRED: The organization responsible for the metadata information.</cntorg></cntorgp><cntaddr><addrtype>REQUIRED: The mailing and/or physical address for the organization or individual.</addrtype><city>REQUIRED: The city of the address.</city><state>REQUIRED: The state or province of the address.</state><postal>REQUIRED: The ZIP or other postal code of the address.</postal></cntaddr><cntvoice>REQUIRED: The telephone number by which individuals can speak to the organization or individual.</cntvoice></cntinfo></metc><metd Sync="TRUE">20090530</metd><metextns><onlink Sync="TRUE">http://www.esri.com/metadata/esriprof80.html</onlink><metprof Sync="TRUE">ESRI Metadata Profile</metprof></metextns></metainfo><mdLang><languageCode Sync="TRUE" value="fa"></languageCode></mdLang><mdStanName Sync="TRUE">ISO 19115 Geographic Information - Metadata</mdStanName><mdStanVer Sync="TRUE">DIS_ESRI1.0</mdStanVer><mdChar><CharSetCd Sync="TRUE" value="004"></CharSetCd></mdChar><mdHrLv><ScopeCd Sync="TRUE" value="005"></ScopeCd></mdHrLv><mdHrLvName Sync="TRUE">dataset</mdHrLvName><distinfo><resdesc Sync="TRUE">Downloadable Data</resdesc><stdorder><digform><digtinfo><transize Sync="TRUE">0.000</transize><dssize Sync="TRUE">0.000</dssize></digtinfo></digform></stdorder></distinfo><distInfo><distributor><distorTran><onLineSrc><orDesc Sync="TRUE">002</orDesc><linkage Sync="TRUE">file://</linkage><protocol Sync="TRUE">Local Area Network</protocol></onLineSrc><transSize Sync="TRUE">0.000</transSize></distorTran><distorFormat><formatName Sync="TRUE">Shapefile</formatName></distorFormat></distributor></distInfo><spdoinfo><direct Sync="TRUE">Vector</direct><ptvctinf><esriterm Name="landusefalar5"><efeatyp Sync="TRUE">Simple</efeatyp><efeageom Sync="TRUE">Polygon</efeageom><esritopo Sync="TRUE">FALSE</esritopo><efeacnt Sync="TRUE">0</efeacnt><spindex Sync="TRUE">FALSE</spindex><linrefer Sync="TRUE">FALSE</linrefer></esriterm><sdtsterm Name="landusefalar5"><sdtstype Sync="TRUE">G-polygon</sdtstype><ptvctcnt Sync="TRUE">0</ptvctcnt></sdtsterm></ptvctinf></spdoinfo><spatRepInfo><VectSpatRep><topLvl><TopoLevCd Sync="TRUE" value="001"></TopoLevCd></topLvl><geometObjs Name="landusefalar5"><geoObjTyp><GeoObjTypCd Sync="TRUE" value="001"></GeoObjTypCd></geoObjTyp><geoObjCnt Sync="TRUE">0</geoObjCnt></geometObjs></VectSpatRep></spatRepInfo><eainfo><detailed Name="landusefalar5"><enttyp><enttypl Sync="TRUE">landusefalar5</enttypl><enttypt Sync="TRUE">Feature Class</enttypt><enttypc Sync="TRUE">0</enttypc></enttyp><attr><attrlabl Sync="TRUE">FID</attrlabl><attalias Sync="TRUE">FID</attalias><attrtype Sync="TRUE">OID</attrtype><attwidth Sync="TRUE">4</attwidth><atprecis Sync="TRUE">0</atprecis><attscale Sync="TRUE">0</attscale><attrdef Sync="TRUE">Internal feature number.</attrdef><attrdefs Sync="TRUE">ESRI</attrdefs><attrdomv><udom Sync="TRUE">Sequential unique whole numbers that are automatically generated.</udom></attrdomv></attr><attr><attrlabl Sync="TRUE">Shape</attrlabl><attalias Sync="TRUE">Shape</attalias><attrtype Sync="TRUE">Geometry</attrtype><attwidth Sync="TRUE">0</attwidth><atprecis Sync="TRUE">0</atprecis><attscale Sync="TRUE">0</attscale><attrdef Sync="TRUE">Feature geometry.</attrdef><attrdefs Sync="TRUE">ESRI</attrdefs><attrdomv><udom Sync="TRUE">Coordinates defining the features.</udom></attrdomv></attr><attr><attrlabl Sync="TRUE">Type</attrlabl><attalias Sync="TRUE">Type</attalias><attrtype Sync="TRUE">String</attrtype><attwidth Sync="TRUE">50</attwidth></attr></detailed></eainfo><mdDateSt Sync="TRUE">20090530</mdDateSt><dataqual><lineage><procstep><procdesc Sync="TRUE">Dataset copied.</procdesc><srcused Sync="TRUE">E:\sabaee\ghazvin\dgn-e\landuse\landusefalar</srcused><date Sync="TRUE">20050114</date><time Sync="TRUE">03382000</time></procstep><procstep><procdesc Sync="TRUE">Dataset copied.</procdesc><srcused Sync="TRUE"></srcused><date Sync="TRUE">20090516</date><time Sync="TRUE">13233900</time></procstep><procstep><procdesc Sync="TRUE">Dataset copied.</procdesc><srcused Sync="TRUE"></srcused><date Sync="TRUE">20090522</date><time Sync="TRUE">15063700</time></procstep><procstep><procdesc Sync="TRUE">Dataset copied.</procdesc><srcused Sync="TRUE">I:\test\landuse</srcused><date Sync="TRUE">20050222</date><time Sync="TRUE">06030700</time></procstep><procstep><procdesc Sync="TRUE">Dataset copied.</procdesc><srcused Sync="TRUE"></srcused><procdate Sync="TRUE">20121019</procdate><proctime Sync="TRUE">14372600</proctime></procstep></lineage></dataqual></metadata>
